"羁绊","人数","成员","效果"
"王者续航","3","迈克尔·乔丹、勒布朗·詹姆斯、沙奎尔·奥尼尔","投射威胁 +0.7%、持球创造 +0.7%、禁区终结 +1.6% · 羁绊激活期间每累计 2 胜恢复 1 点生命"
"紫金薪火","3","埃尔文·约翰逊、詹姆斯·沃西、拜伦·斯科特","持球创造 +2.3%、投射威胁 +0.7% · 羁绊激活期间每累计 3 胜恢复 1 点生命"
"冠军拼图","3","罗伯特·霍里、德里克·费舍尔、肖恩·巴蒂尔","外线限制 +1%、护框强度 +1% · 羁绊激活期间每累计 4 胜恢复 1 点生命"
"水花兄弟","2","斯蒂芬·库里、克莱·汤普森","投射威胁 +3%、持球创造 +1% · 每关奖金 +1"
"勇士轴心","2","斯蒂芬·库里、德雷蒙德·格林","持球创造 +4%、外线限制 +1.5%、护框强度 +1.5%"
"紫金OK","2","科比·布莱恩特、沙奎尔·奥尼尔","禁区终结 +3%、投射威胁 +0.7%、持球创造 +0.3% · 胜利奖金 +1"
"冠军内外线","2","科比·布莱恩特、保罗·加索尔","禁区终结 +4%、投射威胁 +2.1%、持球创造 +0.9%"
"湖人双核","2","勒布朗·詹姆斯、安东尼·戴维斯","禁区终结 +2%、外线限制 +0.5%、护框强度 +0.5% · 每关奖金 +1"
"雄鹿冠军组","2","扬尼斯·阿德托昆博、朱·霍勒迪","持球创造 +1.6%、禁区终结 +2.4%、外线限制 +1.5%、护框强度 +1.5%"
"绿军双闸","2","朱·霍勒迪、德里克·怀特","持球创造 +3%、外线限制 +2%、护框强度 +2%"
"雄鹿双星","2","达米安·利拉德、扬尼斯·阿德托昆博","投射威胁 +2%、持球创造 +0.8%、禁区终结 +1.2% · 胜利奖金 +1"
"太阳双刃","2","凯文·杜兰特、德文·布克","投射威胁 +5.2%、持球创造 +1.8%"
"费城硬仗","2","乔尔·恩比德、吉米·巴特勒","禁区终结 +4%、外线限制 +1.5%、护框强度 +1.5%"
"狼群内外","2","安东尼·爱德华兹、鲁迪·戈贝尔","持球创造 +1.6%、禁区终结 +2.4%、外线限制 +1.5%、护框强度 +1.5%"
"纽约双核","2","OG·阿奴诺比、杰伦·布伦森","投射威胁 +2.1%、持球创造 +0.9%、外线限制 +2%、护框强度 +2%"
"湖人火花","2","勒布朗·詹姆斯、亚历克斯·卡鲁索","持球创造 +3%、外线限制 +2%、护框强度 +2%"
"密城双塔","2","扬尼斯·阿德托昆博、布鲁克·洛佩兹","禁区终结 +4%、外线限制 +1.5%、护框强度 +1.5%"
"挡拆教科书","2","约翰·斯托克顿、卡尔·马龙","持球创造 +2%、禁区终结 +2% · 每关奖金 +1"
"圣城锋线传承","2","布鲁斯·鲍文、科怀·伦纳德","投射威胁 +3%、外线限制 +2.5%、护框强度 +2.5%"
"热火侧翼屏障","2","勒布朗·詹姆斯、肖恩·巴蒂尔","持球创造 +1.2%、禁区终结 +1.8%、外线限制 +2%、护框强度 +2%"
"达拉斯冠军内线","2","德克·诺维茨基、泰森·钱德勒","禁区终结 +4%、外线限制 +1.5%、护框强度 +1.5%"
"克城火力网","2","勒布朗·詹姆斯、凯尔·科沃尔","投射威胁 +4%、持球创造 +3%"
"洛城硬仗","2","科比·布莱恩特、罗恩·阿泰斯特","投射威胁 +2.1%、持球创造 +0.9%、外线限制 +2%、护框强度 +2%"
"华莱士双塔","2","本·华莱士、拉希德·华莱士","禁区终结 +3%、外线限制 +2.5%、护框强度 +2.5%"
"费城总决赛双核","2","阿伦·艾弗森、迪肯贝·穆托姆博","持球创造 +1.6%、禁区终结 +2.4%、外线限制 +2%、护框强度 +2%"
"魔术一号传承","2","安芬尼·哈达威、德怀特·霍华德","持球创造 +4%、禁区终结 +4%"
"雄鹿冠军起点","2","奥斯卡·罗伯特森、卡里姆·阿卜杜尔-贾巴尔","持球创造 +4%、禁区终结 +4%"
"湖人远古双翼","2","杰里·韦斯特、埃尔金·贝勒","投射威胁 +2.8%、持球创造 +2.8%、禁区终结 +2.4%"
"费城内线传承","2","查尔斯·巴克利、摩西·马龙","禁区终结 +5%、外线限制 +1.5%、护框强度 +1.5%"
"休城老友","2","克莱德·德雷克斯勒、哈基姆·奥拉朱旺","持球创造 +1.6%、禁区终结 +2.4%、外线限制 +2%、护框强度 +2%"
"勇士旧梦","2","克里斯·穆林、克里斯·韦伯","投射威胁 +2.8%、持球创造 +4.2%"
"手套与雨人","2","加里·佩顿、肖恩·坎普","持球创造 +3%、禁区终结 +4%、外线限制 +1%、护框强度 +1%"
"全能锋线传承","2","格兰特·希尔、特雷西·麦克格雷迪","投射威胁 +2.8%、持球创造 +2.8%、禁区终结 +2.4%"
"姚麦组合","2","姚明、特雷西·麦克格雷迪","投射威胁 +1.4%、持球创造 +0.6%、禁区终结 +2% · 胜利奖金 +1"
"活塞后场双核","2","昌西·比卢普斯、理查德·汉密尔顿","持球创造 +5.2%、投射威胁 +2.8%"
"国王双核","2","克里斯·韦伯、佩贾·斯托贾科维奇","持球创造 +4%、投射威胁 +4%"
"波士顿新旧指挥","2","拉简·隆多、保罗·皮尔斯","持球创造 +4.9%、投射威胁 +2.1%"
"费城冠军双核","2","朱利叶斯·欧文、摩西·马龙","持球创造 +1.6%、禁区终结 +6.4%"
"雷霆师徒","2","谢伊·吉尔杰斯-亚历山大、克里斯·保罗","持球创造 +5.6%、禁区终结 +2.4%"
"表演时刻","2","埃尔文·约翰逊、卡里姆·阿卜杜尔-贾巴尔","持球创造 +2%、禁区终结 +2% · 每关奖金 +1"
"达拉斯双星","2","德克·诺维茨基、史蒂夫·纳什","投射威胁 +1.4%、持球创造 +2.6% · 每关奖金 +1"
"魔鸟争霸","2","埃尔文·约翰逊、拉里·伯德","持球创造 +5.2%、投射威胁 +2.8%"
"飞人传承","2","迈克尔·乔丹、科比·布莱恩特","投射威胁 +2.8%、持球创造 +2.8%、禁区终结 +2.4%"
"坏孩子双枪","2","伊赛亚·托马斯、乔·杜马斯","持球创造 +2%、外线限制 +1%、护框强度 +1% · 胜利奖金 +1"
"九四中锋决战","2","哈基姆·奥拉朱旺、帕特里克·尤因","禁区终结 +4%、外线限制 +2%、护框强度 +2%"
"独行侠双核","2","卢卡·东契奇、凯里·欧文","持球创造 +5.2%、投射威胁 +2.8%"
"篮网飞翼","2","贾森·基德、文斯·卡特","持球创造 +2.8%、禁区终结 +1.2% · 胜利奖金 +1"
"雷霆三少","3","凯文·杜兰特、拉塞尔·威斯布鲁克、詹姆斯·哈登","持球创造 +3.6%、禁区终结 +2.4%、投射威胁 +3% · 胜利奖金 +1"
"南海岸三巨头","3","勒布朗·詹姆斯、德维恩·韦德、克里斯·波什","持球创造 +1.6%、禁区终结 +5.4%、外线限制 +1%、护框强度 +1% · 每关奖金 +1"
"绿军三巨头","3","保罗·皮尔斯、凯文·加内特、雷·阿伦","投射威胁 +5.1%、持球创造 +0.9%、外线限制 +1.5%、护框强度 +1.5% · 胜利奖金 +1"
"公牛铁三角","3","迈克尔·乔丹、斯科蒂·皮蓬、丹尼斯·罗德曼","外线限制 +2%、护框强度 +2%、投射威胁 +2.1%、持球创造 +1.7%、禁区终结 +1.2% · 胜利奖金 +1"
"GDP","3","蒂姆·邓肯、托尼·帕克、马努·吉诺比利","禁区终结 +3%、持球创造 +3%、外线限制 +2%、护框强度 +2% · 每关奖金 +1"
"篮网三巨头","3","凯文·杜兰特、詹姆斯·哈登、凯里·欧文","投射威胁 +5.1%、持球创造 +2.9% · 胜利奖金 +1"
"空接之城","3","克里斯·保罗、布雷克·格里芬、德安德烈·乔丹","持球创造 +4.2%、禁区终结 +4.8% · 胜利奖金 +1"
"凯尔特人王朝","3","拉里·伯德、凯文·麦克海尔、罗伯特·帕里什","投射威胁 +2.1%、持球创造 +0.9%、禁区终结 +3%、外线限制 +2%、护框强度 +2% · 每关奖金 +1"
"OK3","3","拉塞尔·威斯布鲁克、保罗·乔治、卡梅隆·安东尼","持球创造 +2.1%、禁区终结 +1.8%、投射威胁 +4.1% · 胜利奖金 +1"
"曼巴门徒","3","科比·布莱恩特、凯里·欧文、杰森·塔图姆","投射威胁 +2.8%、持球创造 +5%、禁区终结 +1.2% · 每关奖金 +1"
"骑士三巨头","3","勒布朗·詹姆斯、凯里·欧文、凯文·乐福","持球创造 +1.2%、禁区终结 +3.8%、投射威胁 +3% · 每关奖金 +1"
"划时代射手","3","雷吉·米勒、雷·阿伦、斯蒂芬·库里","投射威胁 +8.1%、持球创造 +0.9% · 每关奖金 +1"
"7秒进攻","3","史蒂夫·纳什、阿马雷·斯塔德迈尔、肖恩·马里昂","持球创造 +3%、禁区终结 +3%、外线限制 +1%、护框强度 +1% · 每关奖金 +1"
"掘金三核","3","尼古拉·约基奇、贾马尔·穆雷、阿隆·戈登","持球创造 +3.9%、投射威胁 +2.1%、禁区终结 +4% · 每关奖金 +1"
"万花筒","3","科比·布莱恩特、卡梅隆·安东尼、凯文·杜兰特","投射威胁 +4.8%、持球创造 +2.4%、禁区终结 +1.8% · 胜利奖金 +1"
"球场指挥官","3","克里斯·保罗、贾森·基德、史蒂夫·纳什","持球创造 +5.6%、投射威胁 +1.4%、外线限制 +1%、护框强度 +1% · 胜利奖金 +1"
"暴力扣将","3","多米尼克·威尔金斯、文斯·卡特、布雷克·格里芬","持球创造 +2%、禁区终结 +7% · 胜利奖金 +1"
"四大分位","4","科比·布莱恩特、特雷西·麦克格雷迪、文斯·卡特、阿伦·艾弗森","投射威胁 +4.8%、持球创造 +4.8%、禁区终结 +2.4% · 胜利奖金 +2"
"香蕉船兄弟","4","勒布朗·詹姆斯、德维恩·韦德、克里斯·保罗、卡梅隆·安东尼","持球创造 +4.1%、禁区终结 +3.8%、投射威胁 +2.1% · 每关奖金 +3"
"96黄金一代","4","科比·布莱恩特、阿伦·艾弗森、史蒂夫·纳什、雷·阿伦","投射威胁 +6.1%、持球创造 +5.1%、禁区终结 +1.8% · 每关免费招募 +1"
"欧洲天王","4","德克·诺维茨基、保罗·加索尔、尼古拉·约基奇、卢卡·东契奇","投射威胁 +4.8%、持球创造 +4.2%、禁区终结 +4% · 每关免费招募 +1"
"坏孩子军团","4","伊赛亚·托马斯、乔·杜马斯、比尔·兰比尔、丹尼斯·罗德曼","外线限制 +2.5%、护框强度 +2.5%、持球创造 +2.6%、禁区终结 +2%、投射威胁 +1.4% · 胜利奖金 +2"
"四大中锋","4","哈基姆·奥拉朱旺、沙奎尔·奥尼尔、大卫·罗宾逊、帕特里克·尤因","禁区终结 +8%、外线限制 +4%、护框强度 +4%、投射威胁 +2.1%、持球创造 +0.9%"
"四大神射","4","斯蒂芬·库里、雷吉·米勒、克莱·汤普森、佩贾·斯托贾科维奇","投射威胁 +8.1%、持球创造 +2.9% · 每关奖金 +2"
"密城攻防体系","4","扬尼斯·阿德托昆博、达米安·利拉德、朱·霍勒迪、布鲁克·洛佩兹","禁区终结 +5.8%、持球创造 +1.2%、外线限制 +1.5%、护框强度 +1.5%、投射威胁 +2% · 胜利奖金 +2"
"圣城四柱","4","蒂姆·邓肯、科怀·伦纳德、大卫·罗宾逊、托尼·帕克","外线限制 +2.5%、护框强度 +2.5%、禁区终结 +3%、投射威胁 +1.4%、持球创造 +1.6% · 胜利奖金 +2"
"全能大前锋","4","扬尼斯·阿德托昆博、凯文·加内特、查尔斯·巴克利、勒布朗·詹姆斯","禁区终结 +4.8%、持球创造 +3.2%、外线限制 +1.5%、护框强度 +1.5% · 胜利奖金 +2"
"湖人四代核心","4","埃尔文·约翰逊、卡里姆·阿卜杜尔-贾巴尔、杰里·韦斯特、埃尔金·贝勒","持球创造 +5.1%、禁区终结 +4.8%、投射威胁 +2.1% · 每关奖金 +2"
"绿军四代基石","4","拉里·伯德、比尔·拉塞尔、凯文·麦克海尔、凯文·加内特","外线限制 +2.5%、护框强度 +2.5%、禁区终结 +3%、投射威胁 +3.1%、持球创造 +0.9% · 每关奖金 +2"
"锋卫得分王","4","迈克尔·乔丹、多米尼克·威尔金斯、朱利叶斯·欧文、凯文·杜兰特","投射威胁 +4.1%、持球创造 +2.5%、禁区终结 +4.4% · 胜利奖金 +2"
"节奏掌控者","4","谢伊·吉尔杰斯-亚历山大、奥斯卡·罗伯特森、詹姆斯·哈登、卢卡·东契奇","持球创造 +7.1%、禁区终结 +1.8%、投射威胁 +3.1% · 胜利奖金 +2"
"禁区统治者","4","威尔特·张伯伦、比尔·拉塞尔、摩西·马龙、卡里姆·阿卜杜尔-贾巴尔","禁区终结 +9%、外线限制 +4%、护框强度 +4%、投射威胁 +2.1%、持球创造 +0.9%"
"死亡五小","5","斯蒂芬·库里、克莱·汤普森、安德烈·伊戈达拉、凯文·杜兰特、德雷蒙德·格林","投射威胁 +6.4%、持球创造 +4%、外线限制 +2%、护框强度 +2%、禁区终结 +0.6% · 每关免费招募 +2"
"公牛王朝","5","罗恩·哈珀、迈克尔·乔丹、斯科蒂·皮蓬、丹尼斯·罗德曼、卢克·朗利","外线限制 +3%、护框强度 +3%、投射威胁 +2.8%、持球创造 +4.4%、禁区终结 +1.8% · 每关奖金 +4"
"OK王朝","5","德里克·费舍尔、科比·布莱恩特、里克·福克斯、罗伯特·霍里、沙奎尔·奥尼尔","禁区终结 +6%、投射威胁 +7.5%、持球创造 +1.5%、外线限制 +1.5%、护框强度 +1.5% · 胜利奖金 +3"
"Showtime","5","埃尔文·约翰逊、拜伦·斯科特、詹姆斯·沃西、AC·格林、卡里姆·阿卜杜尔-贾巴尔","持球创造 +7.7%、禁区终结 +6.2%、投射威胁 +2.1% · 每关奖金 +4"
"最终答案","5","埃尔文·约翰逊、迈克尔·乔丹、勒布朗·詹姆斯、蒂姆·邓肯、沙奎尔·奥尼尔","持球创造 +5.1%、投射威胁 +2.1%、禁区终结 +4.8%、外线限制 +1.5%、护框强度 +1.5% · 胜利奖金 +3 · 每关奖金 +4"
