"ID","球员","等级","位置","球队/标签","推荐槽位","三分","中投","突破","控球","篮下","防守","专属天赋","技能效果","SSR原型"
"curry","斯蒂芬·库里","S","PG","勇士","三分","100","87","78","94","55","67","超远射程","安排在三分槽时，投射威胁 +14%、外线限制 -2%、护框强度 -2%",""
"lebron","勒布朗·詹姆斯","S","SF","湖人","突破","72","79","99","95","91","85","全能统治","安排在突破或控球槽时，战力五维 +6%",""
"kobe","科比·布莱恩特","S","SG","湖人","中投","84","98","94","89","77","69","关键杀手","安排在中投槽时，投射威胁 +8.4%、持球创造 +3.6%",""
"duncan","蒂姆·邓肯","S","PF","马刺","篮下","51","86","75","64","99","94","稳固根基","安排在篮下槽时，禁区终结 +11%；安排在防守槽时，外线限制 +3%、护框强度 +3%",""
"kawhi","科怀·伦纳德","A","SF","快船","防守","78","84","74","61","69","90","死亡缠绕","安排在防守槽时，外线限制 +2.5%、护框强度 +2.5%、持球创造 +5%",""
"irving","凯里·欧文","B","PG","独行侠","控球","72","65","78","86","56","47","脚踝终结","安排在控球槽时，每次战后 +1 奖金",""
"durant","凯文·杜兰特","S","SF","太阳","中投","94","99","90","78","84","70","无解投射","安排在三分槽时，战力五维 +4%、投射威胁 +10%；安排在中投槽时，投射威胁 +5.6%、持球创造 +2.4%",""
"jokic","尼古拉·约基奇","A","C","掘金","篮下","67","79","58","86","92","74","中轴策应","安排在篮下槽时，禁区终结 +10%",""
"giannis","扬尼斯·阿德托昆博","A","PF","雄鹿","突破","52","64","94","72","86","79","禁区冲击","安排在突破槽时，持球创造 +2.4%、禁区终结 +3.6%",""
"shaq","沙奎尔·奥尼尔","S","C","湖人","篮下","50","64","84","74","99","92","篮下巨兽","安排在篮下槽时，禁区终结 +16%",""
"jordan","迈克尔·乔丹","S","SG","公牛","中投","70","100","96","79","91","85","最后一投","安排在中投槽时，战力五维 +5%、投射威胁 +7%、持球创造 +3%；安排在突破槽时，持球创造 +4%、禁区终结 +6%",""
"wade","德维恩·韦德","A","SG","热火","突破","56","78","92","85","66","73","闪电突破","安排在突破槽时，持球创造 +2.4%、禁区终结 +3.6%",""
"harden","詹姆斯·哈登","S","SG","快船","控球","94","82","89","99","74","63","节奏大师","安排在控球槽时，持球创造 +10%、采用外线拉开时投射威胁 +5%；安排在三分槽时，投射威胁 +6%",""
"klay","克莱·汤普森","B","SG","独行侠","三分","84","76","63","56","48","70","接球即投","安排在三分槽时，投射威胁 +6%",""
"green","德雷蒙德·格林","B","PF","勇士","防守","63","56","48","75","69","83","防线指挥","安排在防守槽时，外线限制 +2.5%、护框强度 +2.5%、持球创造 +5%",""
"holiday","朱·霍勒迪","B","PG","凯尔特人","防守","64","69","58","75","51","81","后场铁闸","安排在防守槽时，外线限制 +2.5%、护框强度 +2.5%、持球创造 +5%",""
"white","德里克·怀特","B","G","凯尔特人","防守","69","64","58","74","52","80","追身封盖","安排在防守槽时，外线限制 +2.5%、护框强度 +2.5%、持球创造 +5%",""
"lillard","达米安·利拉德","B","PG","雄鹿","三分","85","65","71","78","56","47","超远决胜","安排在三分槽时，投射威胁 +6%",""
"tatum","杰森·塔图姆","B","SF","凯尔特人","中投","71","82","76","61","66","55","锋线得分","安排在中投槽时，投射威胁 +4.2%、持球创造 +1.8%",""
"booker","德文·布克","B","SG","太阳","中投","77","84","65","71","58","51","中投连击","安排在中投槽时，投射威胁 +4.2%、持球创造 +1.8%",""
"embiid","乔尔·恩比德","A","C","76人","篮下","72","78","66","57","91","84","低位威慑","安排在篮下槽时，禁区终结 +10%",""
"davis","安东尼·戴维斯","A","PF","湖人","防守","64","72","77","55","85","91","禁区屏障","安排在防守槽时，外线限制 +2.5%、护框强度 +2.5%、持球创造 +5%",""
"westbrook","拉塞尔·威斯布鲁克","B","PG","掘金","突破","47","56","85","77","70","63","全速冲锋","安排在突破槽时，持球创造 +2.4%、禁区终结 +3.6%",""
"paul","克里斯·保罗","A","PG","马刺","控球","78","85","63","93","52","71","精准掌控","安排在控球槽时，每次战后 +1 奖金",""
"nash","史蒂夫·纳什","A","PG","太阳","控球","78","85","70","93","61","51","大师传球","安排在控球槽时，每次战后 +1 奖金",""
"rodman","丹尼斯·罗德曼","B","PF","公牛","防守","39","59","68","49","75","86","篮板狂人","安排在防守槽时，外线限制 +2.5%、护框强度 +2.5%、持球创造 +5%",""
"gobert","鲁迪·戈贝尔","B","C","森林狼","防守","38","58","66","48","75","86","护框专家","安排在防守槽时，外线限制 +2.5%、护框强度 +2.5%、持球创造 +5%",""
"anunoby","OG·阿奴诺比","C","SF","尼克斯","突破","62","55","79","49","44","70","侧翼防线","安排在突破槽时，持球创造 +2.4%、禁区终结 +3.6%",""
"caruso","亚历克斯·卡鲁索","C","G","雷霆","控球","61","47","54","81","41","71","拼抢先锋","安排在控球槽时，每次战后 +1 奖金",""
"lopez","布鲁克·洛佩兹","C","C","雄鹿","三分","85","49","31","39","61","73","高塔投射","安排在三分槽时，投射威胁 +6%",""
"magic","埃尔文·约翰逊","S","PG","湖人","控球","68","84","95","100","90","77","魔术传球","安排在控球槽时，持球创造 +6%、每次战后 +2 奖金、付费招募 -1 奖金；安排在突破槽时，持球创造 +2.4%、禁区终结 +3.6%、每次战后 +2 奖金",""
"bird","拉里·伯德","S","SF","凯尔特人","中投","95","99","70","85","90","78","预言绝杀","安排在中投槽时，战力五维 +6%；安排在三分槽时，投射威胁 +8%",""
"kareem","卡里姆·阿卜杜尔-贾巴尔","S","C","湖人","篮下","51","87","66","76","100","94","天勾","安排在篮下槽时，禁区终结 +12%；安排在防守槽时，外线限制 +4%、护框强度 +4%、投射威胁 -4%",""
"hakeem","哈基姆·奥拉朱旺","S","C","火箭","防守","51","86","76","66","94","100","梦幻脚步","安排在防守槽时，外线限制 +5%、护框强度 +5%；安排在篮下槽时，禁区终结 +5%、每次战后 +2 奖金",""
"dirk","德克·诺维茨基","A","PF","独行侠","中投","80","92","59","73","85","67","金鸡独立","安排在中投槽时，投射威胁 +4.2%、持球创造 +1.8%",""
"garnett","凯文·加内特","A","PF","凯尔特人","防守","57","79","73","66","86","92","全域协防","安排在防守槽时，外线限制 +2.5%、护框强度 +2.5%、持球创造 +5%",""
"pippen","斯科蒂·皮蓬","A","SF","公牛","防守","59","74","85","79","68","91","锋线封锁","安排在防守槽时，外线限制 +2.5%、护框强度 +2.5%、持球创造 +5%",""
"rayallen","雷·阿伦","A","SG","凯尔特人","三分","91","84","71","77","55","64","底角绝命","安排在三分槽时，投射威胁 +6%",""
"pierce","保罗·皮尔斯","B","SF","凯尔特人","中投","76","83","60","71","66","53","真理单打","安排在中投槽时，投射威胁 +4.2%、持球创造 +1.8%",""
"iverson","阿伦·艾弗森","A","PG","76人","突破","71","79","94","86","63","52","变向风暴","安排在突破槽时，持球创造 +2.4%、禁区终结 +3.6%",""
"kidd","贾森·基德","A","PG","篮网","控球","73","79","66","92","56","85","全场视野","安排在控球槽时，每次战后 +1 奖金",""
"malone","卡尔·马龙","A","PF","爵士","篮下","46","77","68","59","94","85","强硬终结","安排在篮下槽时，禁区终结 +10%",""
"stockton","约翰·斯托克顿","A","PG","爵士","控球","78","85","62","94","50","70","挡拆手术刀","安排在控球槽时，每次战后 +1 奖金",""
"bosh","克里斯·波什","B","PF","热火","中投","65","82","59","52","76","70","空间内线","安排在中投槽时，投射威胁 +4.2%、持球创造 +1.8%",""
"parker","托尼·帕克","B","PG","马刺","控球","55","72","78","86","63","46","陀螺突破","安排在控球槽时，每次战后 +1 奖金",""
"ginobili","马努·吉诺比利","B","SG","马刺","突破","65","71","84","77","51","58","欧洲步","安排在突破槽时，持球创造 +2.4%、禁区终结 +3.6%",""
"pau","保罗·加索尔","B","PF","湖人","篮下","57","77","49","64","85","71","高位策应","安排在篮下槽时，禁区终结 +10%",""
"benwallace","本·华莱士","B","C","活塞","防守","38","48","66","58","75","86","禁区铁门","安排在防守槽时，外线限制 +2.5%、护框强度 +2.5%、持球创造 +5%",""
"mutombo","迪肯贝·穆托姆博","B","C","掘金","防守","38","48","66","58","75","86","摇指封盖","安排在防守槽时，外线限制 +2.5%、护框强度 +2.5%、持球创造 +5%",""
"howard","德怀特·霍华德","A","C","魔术","篮下","46","58","76","66","93","85","魔兽空接","安排在篮下槽时，禁区终结 +10%",""
"carter","文斯·卡特","B","SG","猛龙","突破","72","78","86","66","58","49","世纪扣篮","安排在突破槽时，持球创造 +2.4%、禁区终结 +3.6%",""
"melo","卡梅隆·安东尼","B","SF","掘金","中投","58","86","72","65","78","49","三威胁","安排在中投槽时，投射威胁 +4.2%、持球创造 +1.8%",""
"butler","吉米·巴特勒","B","SF","热火","突破","53","77","83","66","61","72","硬仗模式","安排在突破槽时，持球创造 +2.4%、禁区终结 +3.6%",""
"george","保罗·乔治","B","SF","快船","三分","82","71","66","61","54","77","攻防侧翼","安排在三分槽时，投射威胁 +6%",""
"bowen","布鲁斯·鲍文","C","SF","马刺","防守","73","60","42","50","35","84","贴身压迫","安排在防守槽时，外线限制 +2.5%、护框强度 +2.5%、持球创造 +5%",""
"battier","肖恩·巴蒂尔","C","SF","热火","防守","72","62","40","54","47","83","遮眼防守","安排在防守槽时，外线限制 +2.5%、护框强度 +2.5%、持球创造 +5%",""
"horry","罗伯特·霍里","C","PF","湖人","三分","82","63","43","49","56","72","大心脏","安排在三分槽时，投射威胁 +6%",""
"chandler","泰森·钱德勒","B","C","独行侠","防守","38","48","66","58","75","86","冠军护框","安排在防守槽时，外线限制 +2.5%、护框强度 +2.5%、持球创造 +5%",""
"korver","凯尔·科沃尔","C","SG","老鹰","三分","89","76","36","60","27","46","定点神射","安排在三分槽时，投射威胁 +6%",""
"artest","罗恩·阿泰斯特","B","SF","湖人","防守","51","65","70","58","76","83","强硬锁防","安排在防守槽时，外线限制 +2.5%、护框强度 +2.5%、持球创造 +5%",""
"tmac","特雷西·麦克格雷迪","A","SF","魔术","中投","67","92","86","79","73","56","干拔时刻","安排在中投槽时，投射威胁 +4.2%、持球创造 +1.8%",""
"doncic","卢卡·东契奇","A","PG","独行侠","控球","70","86","80","92","75","61","节奏掌控","安排在控球槽时，每次战后 +1 奖金",""
"isiah","伊赛亚·托马斯","A","PG","活塞","控球","73","79","86","92","57","66","微笑刺客","安排在控球槽时，每次战后 +1 奖金",""
"dumars","乔·杜马斯","B","SG","活塞","中投","65","82","59","76","52","71","沉默锁链","安排在中投槽时，投射威胁 +4.2%、持球创造 +1.8%",""
"laimbeer","比尔·兰比尔","B","C","活塞","三分","85","61","40","50","71","78","强硬禁区","安排在三分槽时，投射威胁 +6%",""
"robinson","大卫·罗宾逊","A","C","马刺","防守","48","70","78","61","87","95","海军上将","安排在防守槽时，外线限制 +2.5%、护框强度 +2.5%、持球创造 +5%",""
"ewing","帕特里克·尤因","A","C","尼克斯","篮下","47","78","68","59","94","86","纽约支柱","安排在篮下槽时，禁区终结 +10%",""
"iguodala","安德烈·伊戈达拉","B","SF","勇士","防守","64","52","70","75","59","82","死亡拼图","安排在防守槽时，外线限制 +2.5%、护框强度 +2.5%、持球创造 +5%",""
"harper","罗恩·哈珀","B","PG","公牛","控球","51","64","69","81","58","75","高大后卫","安排在控球槽时，每次战后 +1 奖金",""
"longley","卢克·朗利","C","C","公牛","篮下","25","56","33","43","87","74","中路屏障","安排在篮下槽时，禁区终结 +10%",""
"fisher","德里克·费舍尔","C","PG","湖人","三分","84","62","44","72","36","52","关键零点四","安排在三分槽时，投射威胁 +6%",""
"fox","里克·福克斯","C","SF","湖人","中投","62","79","49","56","44","70","侧翼粘合","安排在中投槽时，投射威胁 +4.2%、持球创造 +1.8%",""
"byron_scott","拜伦·斯科特","B","SG","湖人","三分","82","70","75","64","50","57","快攻终结","安排在三分槽时，投射威胁 +6%",""
"worthy","詹姆斯·沃西","B","SF","湖人","突破","46","72","86","64","78","56","大赛眼镜蛇","安排在突破槽时，持球创造 +2.4%、禁区终结 +3.6%",""
"ac_green","AC·格林","C","PF","湖人","防守","32","60","49","40","73","85","铁人篮板","安排在防守槽时，外线限制 +2.5%、护框强度 +2.5%、持球创造 +5%",""
"griffin","布雷克·格里芬","B","PF","快船","突破","49","70","85","64","77","57","暴力起飞","安排在突破槽时，持球创造 +2.4%、禁区终结 +3.6%",""
"deandre","德安德烈·乔丹","B","C","快船","篮下","38","48","67","58","85","76","空接终点","安排在篮下槽时，禁区终结 +10%",""
"mchale","凯文·麦克海尔","A","PF","凯尔特人","篮下","47","78","68","59","94","86","低位万花筒","安排在篮下槽时，禁区终结 +10%",""
"parish","罗伯特·帕里什","B","C","凯尔特人","篮下","39","69","60","49","87","77","酋长镇守","安排在篮下槽时，禁区终结 +10%",""
"love","凯文·乐福","B","PF","骑士","三分","83","70","49","57","76","64","长传炮台","安排在三分槽时，投射威胁 +6%",""
"reggie","雷吉·米勒","A","SG","步行者","三分","92","84","71","77","53","63","米勒时刻","安排在三分槽时，投射威胁 +6%",""
"amare","阿马雷·斯塔德迈尔","B","PF","太阳","篮下","42","71","79","52","88","62","太阳风暴","安排在篮下槽时，禁区终结 +10%",""
"marion","肖恩·马里昂","B","SF","太阳","突破","57","50","83","64","71","77","骇客全能","安排在突破槽时，持球创造 +2.4%、禁区终结 +3.6%",""
"murray","贾马尔·穆雷","B","PG","掘金","中投","71","85","65","78","56","48","季后赛升温","安排在中投槽时，投射威胁 +4.2%、持球创造 +1.8%",""
"aaron_gordon","阿隆·戈登","B","PF","掘金","突破","57","64","83","51","70","76","高空协防","安排在突破槽时，持球创造 +2.4%、禁区终结 +3.6%",""
"wilkins","多米尼克·威尔金斯","A","SF","老鹰","突破","55","85","93","72","79","65","人类电影精华","安排在突破槽时，持球创造 +2.4%、禁区终结 +3.6%",""
"wilt","威尔特·张伯伦","S","C","湖人","篮下","51","75","86","64","100","93","百分神迹","安排在篮下槽时，禁区终结 +14%、持球创造 -4%",""
"russell","比尔·拉塞尔","S","C","凯尔特人","防守","50","63","83","73","92","99","冠军基石","安排在防守槽时，外线限制 +6%、护框强度 +6%",""
"oscar","奥斯卡·罗伯特森","A","PG","雄鹿","控球","61","85","80","91","75","69","三双先驱","安排在控球槽时，每次战后 +1 奖金",""
"west","杰里·韦斯特","A","SG","湖人","中投","80","91","75","86","59","68","标志原型","安排在中投槽时，投射威胁 +4.2%、持球创造 +1.8%",""
"baylor","埃尔金·贝勒","A","SF","湖人","突破","53","79","93","72","86","65","空中先驱","安排在突破槽时，持球创造 +2.4%、禁区终结 +3.6%",""
"moses","摩西·马龙","A","C","76人","篮下","46","75","66","58","93","85","进攻篮板王","安排在篮下槽时，禁区终结 +10%",""
"barkley","查尔斯·巴克利","A","PF","太阳","突破","54","79","92","66","86","73","空中飞猪","安排在突破槽时，持球创造 +2.4%、禁区终结 +3.6%",""
"drexler","克莱德·德雷克斯勒","B","SG","开拓者","突破","53","77","84","71","65","60","滑翔机","安排在突破槽时，持球创造 +2.4%、禁区终结 +3.6%",""
"mullin","克里斯·穆林","B","SF","勇士","中投","77","84","57","70","64","49","左手神射","安排在中投槽时，投射威胁 +4.2%、持球创造 +1.8%",""
"payton","加里·佩顿","B","PG","超音速","控球","59","71","65","84","52","77","手套压迫","安排在控球槽时，每次战后 +1 奖金",""
"kemp","肖恩·坎普","B","PF","超音速","篮下","40","62","79","51","88","71","雨人暴扣","安排在篮下槽时，禁区终结 +10%",""
"penny","安芬尼·哈达威","B","PG","魔术","控球","60","72","77","84","66","53","便士魔法","安排在控球槽时，每次战后 +1 奖金",""
"grant_hill","格兰特·希尔","B","SF","活塞","突破","52","72","85","78","66","60","全能前锋","安排在突破槽时，持球创造 +2.4%、禁区终结 +3.6%",""
"yao","姚明","B","C","火箭","篮下","54","72","45","62","87","78","长城天勾","安排在篮下槽时，禁区终结 +10%",""
"billups","昌西·比卢普斯","B","PG","活塞","控球","77","71","58","85","50","65","大心脏控卫","安排在控球槽时，每次战后 +1 奖金",""
"rip","理查德·汉密尔顿","B","SG","活塞","中投","75","83","70","64","50","57","无球永动","安排在中投槽时，投射威胁 +4.2%、持球创造 +1.8%",""
"rasheed","拉希德·华莱士","B","PF","活塞","防守","64","71","50","57","77","84","怒吼协防","安排在防守槽时，外线限制 +2.5%、护框强度 +2.5%、持球创造 +5%",""
"webber","克里斯·韦伯","B","PF","国王","控球","51","72","59","85","78","66","高位华章","安排在控球槽时，每次战后 +1 奖金",""
"peja","佩贾·斯托贾科维奇","B","SF","国王","三分","85","77","55","69","63","47","国王神射","安排在三分槽时，投射威胁 +6%",""
"rondo","拉简·隆多","B","PG","凯尔特人","控球","45","63","71","86","54","78","季后赛指挥","安排在控球槽时，每次战后 +1 奖金",""
"erving","朱利叶斯·欧文","A","SF","76人","突破","55","79","93","73","86","67","J博士飞行","安排在突破槽时，持球创造 +2.4%、禁区终结 +3.6%",""
"brunson","杰伦·布伦森","B","PG","尼克斯","中投","65","85","72","78","57","50","低重心脚步","安排在中投槽时，投射威胁 +4.2%、持球创造 +1.8%",""
"shai","谢伊·吉尔杰斯-亚历山大","A","SG","雷霆","突破","63","80","91","86","70","75","节奏切割","安排在突破槽时，持球创造 +2.4%、禁区终结 +3.6%",""
"edwards","安东尼·爱德华兹","B","SG","森林狼","突破","61","72","84","77","55","66","蚁人升空","安排在突破槽时，持球创造 +2.4%、禁区终结 +3.6%",""
"king_lebron","天选·詹姆斯","SSR","SF","巅峰传奇","突破","99","108","125","110","121","112","霸王踏步","安排在突破槽时，战力五维 +12%、持球创造 +10%、禁区终结 +15%；安排在控球槽时，战力五维 +10%、持球创造 +18%","勒布朗·詹姆斯"
"air_jordan","GOAT·乔丹","SSR","SG","巅峰传奇","中投","94","125","121","106","113","120","神之领域","安排在中投槽时，战力五维 +12%、投射威胁 +21%、持球创造 +9%；安排在突破槽时，战力五维 +12%、持球创造 +12%、禁区终结 +18%","迈克尔·乔丹"
"mamba_kobe","黑曼巴·科比","SSR","SG","巅峰传奇","中投","108","120","117","108","108","117","曼巴时刻","安排在中投槽时，战力五维 +10%、投射威胁 +19.6%、持球创造 +8.4%、采用外线拉开时投射威胁 +7%、持球创造 +3%；安排在突破槽时，战力五维 +10%、持球创造 +10.4%、禁区终结 +15.6%、采用突破冲筐时投射威胁 +7%、持球创造 +3%","科比·布莱恩特"
"chef_curry","三分王·库里","SSR","PG","巅峰传奇","三分","125","118","111","118","99","91","三分引力","安排在三分槽时，战力五维 +10%、投射威胁 +35%、采用外线拉开时持球创造 +12%；安排在控球槽时，战力五维 +8%、投射威胁 +20%、持球创造 +20%","斯蒂芬·库里"
"diesel_shaq","大鲨鱼·奥尼尔","SSR","C","巅峰传奇","篮下","85","94","97","90","128","125","禁区粉碎","安排在篮下槽时，战力五维 +10%、禁区终结 +35%；安排在防守槽时，战力五维 +8%、禁区终结 +18%、外线限制 +9%、护框强度 +9%","沙奎尔·奥尼尔"
"stone_duncan","石佛·邓肯","SSR","PF","巅峰传奇","防守","88","104","96","91","122","128","石佛镇守","安排在防守槽时，战力五维 +10%、外线限制 +17.5%、护框强度 +17.5%、采用护框收缩时禁区终结 +12%；安排在篮下槽时，战力五维 +8%、禁区终结 +20%、外线限制 +10%、护框强度 +10%","蒂姆·邓肯"
"showtime_magic","魔术师·约翰逊","SSR","PG","巅峰传奇","控球","91","104","110","125","111","103","表演时刻","安排在控球槽时，战力五维 +8%、持球创造 +22%、每次战后 +3 奖金、付费招募 -1 奖金；安排在突破槽时，战力五维 +10%、持球创造 +8%、禁区终结 +12%、每次战后 +2 奖金","埃尔文·约翰逊"
"reaper_durant","死神·杜兰特","SSR","SF","巅峰传奇","中投","116","122","115","109","112","105","死神终结","安排在中投槽时，战力五维 +12%、投射威胁 +19.6%、持球创造 +8.4%；安排在三分槽时，战力五维 +12%、投射威胁 +26%","凯文·杜兰特"
